relapse,periods,mecho,first_symptom,emergency_birth,fsh,vleft,vright,vegfa634,tp53,vegfa936,kitlg80441,actual
1.0,6.0,10.4,3.0,0.0,7.71,29848.0,11780.0,0.0,2.0,1.0,1.0,0.0
1.0,7.0,7.4,9.0,0.0,6.09,5040.0,3864.0,1.0,2.0,1.0,0.0,0.0
0.0,4.0,6.2,6.0,0.0,7.45,13828.32,15079.68,0.0,1.0,1.0,1.0,0.0
0.0,4.0,11.0,3.5,0.0,3.43,10336.0,27552.0,1.0,1.0,0.0,1.0,1.0
1.0,5.0,6.2,2.0,0.0,9.47,54493.687089552244,13851.0,1.0,1.0,1.0,1.0,0.0
0.0,6.0,45.0,2.0,0.0,5.33,29120.0,9072.0,1.0,2.0,1.0,2.0,1.0
0.0,5.0,3.2,1.0,0.0,3.48,10120.0,7040.0,0.0,2.0,0.0,2.0,0.0
1.0,3.0,3.4,1.0,0.0,4.8,319200.0,6900.0,0.0,2.0,2.0,0.0,0.0
1.0,5.0,12.6,4.0,0.0,14.31,319680.0,18538.0,2.0,2.0,2.0,1.0,0.0
0.0,7.0,4.1,0.5,0.0,9.7,6750.0,55796.0,2.0,2.0,0.0,0.0,1.0
1.0,4.0,6.2,0.3,0.0,2.42,293760.0,20092.8,1.0,0.0,0.0,0.0,0.0
0.0,3.0,4.7,4.0,0.0,4.81,11023.344,12049.056,1.0,1.0,2.0,1.0,0.0
0.0,5.0,6.5,5.0,0.0,5.78,9792.0,11780.0,2.0,2.0,1.0,2.0,0.0
1.0,4.0,14.1,1.0,0.0,4.26,103950.0,1080.0,0.0,2.0,0.0,0.0,0.0
0.0,6.0,13.9,1.0,0.0,11.13,9702.0,8208.0,1.0,2.0,1.0,1.0,0.0
0.0,3.0,6.4,1.0,0.0,6.56,3168.0,4032.0,1.0,2.0,1.0,0.0,1.0
0.0,5.0,11.0,1.0,0.0,6.64,9520.0,11592.0,2.0,2.0,1.0,1.0,0.0
0.0,5.0,8.9,0.5,0.0,4.91,15314.0,11339.0,1.0,1.0,0.0,1.0,1.0
0.0,7.0,5.1,1.0,0.0,6.96,13838.0,10472.0,0.0,2.0,1.0,2.0,0.0
1.0,4.0,5.6,7.0,2.0,3.53,134400.0,12096.0,0.0,2.0,2.0,0.0,0.0
1.0,7.0,14.4,5.0,0.0,8.03,23664.0,11904.0,1.0,0.0,2.0,2.0,0.0
0.0,6.0,8.4,2.0,1.0,10.11,8265.0,9282.0,1.0,1.0,0.0,1.0,0.0
1.0,7.0,4.5,11.0,0.0,4.09,90710.0,10240.0,1.0,2.0,2.0,1.0,0.0
1.0,4.0,8.5,2.0,0.0,3.1,19760.0,13104.0,0.0,0.0,2.0,0.0,0.0
0.0,4.0,4.4,4.0,0.0,2.37,9900.0,5184.0,2.0,0.0,2.0,1.0,1.0
0.0,5.0,2.0,2.0,0.0,2.76,8568.0,6732.0,1.0,2.0,1.0,1.0,1.0
0.0,5.0,4.5,5.0,0.0,7.34,16500.0,12090.0,0.0,2.0,2.0,1.0,0.0
0.0,5.0,3.9,0.5,0.0,4.95,11592.0,14725.0,0.0,2.0,0.0,1.0,0.0
1.0,5.0,4.0,8.0,0.0,5.4,3332.0,8100.0,1.0,2.0,0.0,1.0,0.0
1.0,8.0,5.0,6.0,1.0,4.71,17577.0,16320.0,1.0,0.0,1.0,1.0,1.0
0.0,6.0,8.0,1.0,0.0,8.55,13068.0,23760.0,0.0,2.0,2.0,1.0,0.0
1.0,7.0,5.4,1.0,1.0,3.32,601312.0,72864.0,0.0,0.0,1.0,0.0,0.0
0.0,5.0,8.0,1.0,0.0,3.24,8136.0,14080.0,1.0,2.0,2.0,1.0,0.0
0.0,4.0,5.5,13.0,0.0,7.9,14060.0,39312.0,2.0,2.0,2.0,1.0,0.0
0.0,6.0,10.0,6.0,0.0,4.14,12852.0,18216.0,0.0,2.0,0.0,1.0,0.0
1.0,5.0,11.1,6.0,0.0,5.11,6272.0,153360.0,1.0,1.0,2.0,1.0,0.0
1.0,6.0,12.0,4.0,0.0,4.55,10404.0,3780.0,0.0,1.0,1.0,1.0,0.0
0.0,3.0,4.4,1.0,0.0,3.29,10080.0,16464.0,1.0,0.0,0.0,1.0,1.0
0.0,4.0,8.09,8.0,0.0,9.51,14490.0,5376.0,1.0,2.0,0.0,2.0,1.0
0.0,5.0,8.0,1.0,0.0,25.88,31668.0,25984.0,2.0,1.0,1.0,2.0,0.0
1.0,5.0,6.5,7.0,1.0,9.72,1280.0,22724.0,1.0,0.0,2.0,2.0,0.0
1.0,4.0,5.4,0.5,0.0,16.53,152500.0,10912.0,1.0,0.0,2.0,2.0,1.0
1.0,5.0,9.1,0.5,0.0,3.93,109824.0,141404.0,1.0,2.0,0.0,1.0,0.0
1.0,6.0,12.0,12.0,0.0,7.86,14592.0,140400.0,1.0,0.0,2.0,2.0,0.0
0.0,6.0,4.8,7.0,0.0,6.01,11160.0,10560.0,1.0,1.0,1.0,1.0,0.0
0.0,3.0,5.0,2.0,0.0,6.82,17640.0,25530.0,1.0,2.0,1.0,1.0,1.0
1.0,4.0,9.3,4.0,0.0,10.56,17680.0,14076.0,1.0,1.0,0.0,1.0,0.0
0.0,3.0,5.8,0.5,1.0,3.53,14592.0,10032.0,1.0,0.0,2.0,2.0,1.0
1.0,4.0,5.0,1.0,0.0,10.79,21600.0,10260.0,1.0,1.0,1.0,2.0,0.0
0.0,3.0,9.4,1.0,2.0,8.5,14112.0,20328.0,1.0,0.0,2.0,1.0,0.0
1.0,5.0,7.3,4.0,0.0,8.56,3009.435,7650.0,1.0,0.0,2.0,1.0,0.0
1.0,6.0,5.3,2.0,0.0,2.66,18228.0,89958.0,0.0,0.0,2.0,2.0,0.0
0.0,7.0,4.6,3.0,0.0,8.48,7920.0,11088.0,0.0,0.0,2.0,1.0,0.0
0.0,5.0,6.2,0.3,0.0,8.11,10032.0,12144.0,0.0,2.0,1.0,1.0,0.0
0.0,6.0,5.2,1.0,1.0,5.53,13500.0,122059.0,0.0,2.0,1.0,1.0,0.0
1.0,5.0,4.2,16.0,0.0,12.21,21080.0,13860.0,0.0,1.0,2.0,2.0,0.0
1.0,3.0,5.0,5.0,0.0,10.44,11880.0,12852.0,0.0,0.0,0.0,2.0,0.0
0.0,3.0,9.2,3.0,1.0,10.89,9880.0,2898.0,1.0,2.0,1.0,1.0,0.0
1.0,5.0,5.1,1.0,1.0,9.37,36192.0,4560.0,1.0,0.0,2.0,1.0,0.0
0.0,3.0,7.9,1.0,0.0,7.02,22308.0,19152.0,2.0,1.0,1.0,1.0,0.0
0.0,4.0,3.3,1.5,0.0,59.47,5967.0,6426.0,1.0,2.0,1.0,1.0,0.0
1.0,5.0,7.1,11.0,0.0,10.75,563472.0,626080.0,1.0,2.0,1.0,2.0,0.0
1.0,5.0,5.4,2.0,0.0,22.39,13500.0,122059.0,1.0,2.0,1.0,1.0,0.0
1.0,5.0,6.2,0.5,1.0,7.92,178560.0,8640.0,0.0,1.0,0.0,2.0,0.0
1.0,5.0,8.5,6.0,1.0,9.95,54493.68708955224,95976.0,0.0,1.0,0.0,1.0,0.0
0.0,5.0,5.2,7.0,1.0,6.32,6156.0,11232.0,1.0,1.0,0.0,2.0,0.0
0.0,7.0,10.8,6.0,0.0,3.63,19845.936,28071.68,2.0,0.0,0.0,0.0,0.0
0.0,5.0,5.0,5.0,0.0,5.79,39375.0,39375.0,0.0,2.0,2.0,2.0,0.0
1.0,5.0,7.0,0.5,0.0,6.3,14592.0,200750.0,0.0,2.0,2.0,0.0,0.0
